{
  "AR": 0.00230,
  "AT": 0.00465,
  "AU": 0.00900,
  "BE": 0.00465,
  "BR": 0.00327,
  "CA": 0.00155,
  "CH": 0.00163,
  "CL": 0.00155,
  "CN": 0.00900,
  "CZ": 0.00155,
  "DE": 0.00256,
  "DK": 0.00186,
  "EE": 0.00155,
  "ES": 0.00093,
  "FI": 0.00165,
  "FR": 0.00023,
  "GB": 0.00900,
  "GT": 0.00326,
  "HK": 0.00116,
  "HN": 0.00419,
  "HR": 0.00155,
  "HU": 0.00465,
  "ID": 0.00047,
  "IE": 0.00116,
  "IL": 0.00279,
  "IN": 0.00187,
  "IT": 0.00465,
  "JP": 0.08500,
  "KR": 0.00047,
  "LT": 0.00698,
  "LV": 0.00093,
  "MX": 0.00900,
  "MY": 0.00349,
  "NL": 0.00698,
  "NO": 0.00233,
  "NZ": 0.09040,
  "PH": 0.02616,
  "PL": 0.00233,
  "PR": 0.00047,
  "PT": 0.00326,
  "RO": 0.00186,
  "RU": 0.06977,
  "SE": 0.00023,
  "SG": 0.04651,
  "SI": 0.00698,
  "SK": 0.00465,
  "TH": 0.00900,
  "TW": 0.00650,
  "TR": 0.00900,
  "UA": 0.00155,
  "US": 0.00750,
  "ZA": 0.00023
}
